[{"id":"6289501060783@s.whatsapp.net","berry":null},{"id":"6289501060783@s.whatsapp.net","berry":null},{"id":"6289501060783@s.whatsapp.net","berry":null},{"id":"6289501060783@s.whatsapp.net","berry":null},{"id":"6289501060783@s.whatsapp.net","berry":null},{"id":"43650422222666@s.whatsapp.net","berry":"NaN1000@43650422222666"},{"id":"6289501060783@s.whatsapp.net","berry":null},{"id":"43650422222666@s.whatsapp.net","berry":"NaN1000"},{"id":"6289501060783@s.whatsapp.net","berry":4000},{"id":"6289501060783@s.whatsapp.net","berry":3437},{"id":"43650422222666@s.whatsapp.net","berry":"50001000"},{"id":"43650422222666@s.whatsapp.net","berry":5000},{"id":"43650422222666@s.whatsapp.net","berry":"40001000"},{"id":"43650422222666@s.whatsapp.net","berry":6059},{"id":"6287708357324@s.whatsapp.net","berry":5049},{"id":"6283110928302@s.whatsapp.net","berry":5074},{"id":"6288226703423@s.whatsapp.net","berry":5141},{"id":"6287721317870@s.whatsapp.net","berry":5044},{"id":"6281292286714@s.whatsapp.net","berry":5017},{"id":"6281292286714@s.whatsapp.net","berry":5083}]