[{"id":"6289501060783@s.whatsapp.net","xp":884,"level":7},{"id":"6285856430321@s.whatsapp.net","xp":0,"level":1},{"id":"6287721317870@s.whatsapp.net","xp":23,"level":1},{"id":"6283110928302@s.whatsapp.net","xp":23,"level":1},{"id":"6288226703423@s.whatsapp.net","xp":68,"level":1},{"id":"6287708357324@s.whatsapp.net","xp":19,"level":1},{"id":"43650422222666@s.whatsapp.net","xp":9,"level":1},{"id":"6285791458996@s.whatsapp.net","xp":0,"level":1},{"id":"6281292286714@s.whatsapp.net","xp":50,"level":1},{"id":"6285904142544@s.whatsapp.net","xp":0,"level":1}]