{

  "creds": {

    "noiseKey": {

      "private": {

        "type": "Buffer",

        "data": "gD5lLpcrQn85wNsg/edsuCS85G2/UNKRnAlb9tAOLXA="

      },

      "public": {

        "type": "Buffer",

        "data": "yTQWSOlsR6YcEipl1R1LOe3x1slMGFqE+Ol8+xQF/RQ="

      }

    },

    "signedIdentityKey": {

      "private": {

        "type": "Buffer",

        "data": "0LNATeKabLFaG2IqbUxe8CGP8jVjqPN3IedBGsasPXs="

      },

      "public": {

        "type": "Buffer",

        "data": "cIrpT6OJTv/kmTCPKNY/44ttYIyxVXMBxa6bx6CKs0g="

      }

    },

    "signedPreKey": {

      "keyPair": {

        "private": {

          "type": "Buffer",

          "data": "WKq+PM9Q7BAoaWFmmV5x0JFTGQ+SU3AsiP5RfWs4enE="

        },

        "public": {

          "type": "Buffer",

          "data": "+gLs0gGjj88xY05w9WOFvCrPogQBdllF1MzfU2jItGo="

        }

      },

      "signature": {

        "type": "Buffer",

        "data": "pHsuZBU6mneLAZ5fosS4AWsmcoYd1I+5+4KaAH4I/Br6krZnl6hl6e7r/gCUznHmYrsMydT1a0nvIkr+a6r3jA=="

      },

      "keyId": 1

    },

    "registrationId": 169,

    "advSecretKey": "1nX5DRLPu6Y6wGJ2jUQpDiDx771FVx66FEmZ0SidHz0=",

    "nextPreKeyId": 31,

    "firstUnuploadedPreKeyId": 31,

    "serverHasPreKeys": true,

    "account": {

      "details": "CPjeq/EDEPr5n5UGGAE=",

      "accountSignatureKey": "c6+e/a2mbTnnM/g9yW0pI4CrnjcLzE1To8WWjQGaE04=",

      "accountSignature": "sT3bo44Eilz5dEXbVwXi7VL2ZgYaQXqAMRxQgmjBam754ZsvFp4giFuKu2ZAy6NkHB00Mp8P9JeGTk/yRsUlCw==",

      "deviceSignature": "Bu73b2sb4Jr7FY5/nU8Q4y90ZcXZMkatpwXes3gPm0rHZ/Op25igUg52MpbxZbxwTV7ybS4PzYxs1HAPPm8QgQ=="

    },

    "me": {

      "id": "51902679067:45@s.whatsapp.net",

      "verifiedName": "Ｗｈ</>ＩｓＬａｕｇｈｔｓ",

      "name": "Ｗｈ</>ＩｓＬａｕｇｈｔｓ"

    },

    "signalIdentities": [

      {

        "identifier": {

          "name": "51902679067:45@s.whatsapp.net",

          "deviceId": 0

        },

        "identifierKey": {

          "type": "Buffer",

          "data": "BXOvnv2tpm055zP4PcltKSOAq543C8xNU6PFlo0BmhNO"

        }

      }

    ],

    "lastAccountSyncTimestamp": 1655176445,

    "myAppStateKeyId": "AAAAAG8r"

  },

  "keys": {

    "preKeys": {

      "1": {

        "private": {

          "type": "Buffer",

          "data": "6HUruxr09ReYpHjMQTW8vxybEx4ABRvu0LP+yCjKck8="

        },

        "public": {

          "type": "Buffer",

          "data": "WHB64XWGPzJuIIgWq9Mq8rJKAjNdwuqxWT2OCz/zHS8="

        }

      },

      "2": {

        "private": {

          "type": "Buffer",

          "data": "OCuuK2Wu6XtGoplsXkfvDLJHKruoXp37M0Bwp2M9HHQ="

        },

        "public": {

          "type": "Buffer",

          "data": "h94f0qqS3xLD3YPi3hAGa97Gjja/XwF8QStWXeJZUEc="

        }

      },

      "3": {

        "private": {

          "type": "Buffer",

          "data": "kHUI+2Jgwf9NFcK7bZqAaWlkfGTsZwxrP8MwWttHsE8="

        },

        "public": {

          "type": "Buffer",

          "data": "/nE9r9WNcEpKJzsU1IEGN5OjBXeTbv9d5Pb1+RL7UCM="

        }

      },

      "4": {

        "private": {

          "type": "Buffer",

          "data": "AOWyEA0DhjgOyE1IJnnwCmAv85ioWgnNUlu/qpRNakg="

        },

        "public": {

          "type": "Buffer",

          "data": "E/6blqKHW9aCllkeTq9RXLROLZ9FHjPkzAZObeWUZg8="

        }

      },

      "5": {

        "private": {

          "type": "Buffer",

          "data": "IOfT1L7ev407SOWrUlU//YVgNzjA5IEnThms0hL3E3U="

        },

        "public": {

          "type": "Buffer",

          "data": "La/TM4LIYx3oRNAh4mLx1oJP4Stid5NQwYNr/fsRGhM="

        }

      },

      "6": {

        "private": {

          "type": "Buffer",

          "data": "oMCaYV631pNXD+GKNtCVGx+ChbJiDdXQWWk7676bp3M="

        },

        "public": {

          "type": "Buffer",

          "data": "0m0SKe6IJJtjEqC1TFjAjtOQalF6zrnjZdglVv/BWhg="

        }

      },

      "7": {

        "private": {

          "type": "Buffer",

          "data": "qGGY5JRqw3xXMepEKLUQkjZG0kg/bKA3e4CfZLIIY1E="

        },

        "public": {

          "type": "Buffer",

          "data": "yROhjO9ul46ubMnGQvsy2UY7WK8O63V+3zukZTWIdyw="

        }

      },

      "8": {

        "private": {

          "type": "Buffer",

          "data": "KM84cZw6tpdR0zT+xlNzRtLoM3Ugk93IhwTW/4YeCns="

        },

        "public": {

          "type": "Buffer",

          "data": "+GVydGd5StwSm2iqLMxH3XQhL2euLPJEk27KpwlMCBQ="

        }

      },

      "9": {

        "private": {

          "type": "Buffer",

          "data": "8LGnKo+moZJG65IPufBrnE8R2tmUwOyOhOJlG+O/fFA="

        },

        "public": {

          "type": "Buffer",

          "data": "UJJBOQMhm6XidqSjiYJ+cARbjZCvurKLqvkj493uHVw="

        }

      },

      "10": {

        "private": {

          "type": "Buffer",

          "data": "MFYnys5UJefvs+05fD14ps2GU6vIFKaWdkjG37WU4GU="

        },

        "public": {

          "type": "Buffer",

          "data": "qb3wcnWuSPoPBVKiX/iktDlP3nEahZ8BR2PZPE80SXk="

        }

      },

      "11": {

        "private": {

          "type": "Buffer",

          "data": "OINDAoyRRIAagq2KswViZgI1F3q0EIRoUNsWLOigYXQ="

        },

        "public": {

          "type": "Buffer",

          "data": "iyS2TRGmIZwNh3UtXim2e1jO9j2KWuqp0HKTSKGkeEo="

        }

      },

      "12": {

        "private": {

          "type": "Buffer",

          "data": "sM2U9Dn4JbIChjO/iCBNj7Cp+L8IFzS7c9bbP8XtfUY="

        },

        "public": {

          "type": "Buffer",

          "data": "nrrH2aDXf75IvyaO5wICMPda3zQGYCRG/dkgyxaZ8Fw="

        }

      },

      "13": {

        "private": {

          "type": "Buffer",

          "data": "SBlc4txq+gV0zvmUZNLOkP5eEL+uK9SJr/WU+LF1qXc="

        },

        "public": {

          "type": "Buffer",

          "data": "mLh2u+AIgwS/FRXk+0FKnxl+RRZIF0dUQvYaFILdKGU="

        }

      },

      "14": {

        "private": {

          "type": "Buffer",

          "data": "qCBImbfY3yMBOb1qeLvsagWKG/EF2uGwmfcD7ebR018="

        },

        "public": {

          "type": "Buffer",

          "data": "y1uEx95qbzPl2rNIu7TPVnFE4EEo8CpHckTXRWhQkyQ="

        }

      },

      "15": {

        "private": {

          "type": "Buffer",

          "data": "mJlJdhlUbXddUHLiZlDdt4HqOhRoi6zQjotCSvqu9EI="

        },

        "public": {

          "type": "Buffer",

          "data": "qh8SybME7uggpHos6zM8cxop3eX5+QgHzyP25wCB7C8="

        }

      },

      "16": {

        "private": {

          "type": "Buffer",

          "data": "+OI0+JxSrmFS+RB1W2fw12vT3id/+vA6a18dBJURXFs="

        },

        "public": {

          "type": "Buffer",

          "data": "buLq+rLMGCs7AcM7wfy7AxrW3wR1DHGUlIpf2A0+cjc="

        }

      },

      "17": null,

      "18": {

        "private": {

          "type": "Buffer",

          "data": "YDedKpp6qyWSgICOXci+QrN0nJZgnPY2SMegYA3Cvlk="

        },

        "public": {

          "type": "Buffer",

          "data": "yRpAz8ixfwlmU7n1cjm9WDBXUPS1lJTQ+H14Cc3VCWU="

        }

      },

      "19": {

        "private": {

          "type": "Buffer",

          "data": "+Ca/5EQz5LnMCeCfXF9kcS7UkYr68p0AMiyPmzLhLnQ="

        },

        "public": {

          "type": "Buffer",

          "data": "14vSCv/SLydkdRS1oUNK4n4yDhG/nl4dTeWuZXfnNWA="

        }

      },

      "20": {

        "private": {

          "type": "Buffer",

          "data": "8Ot8sJB0+a/cfgpnHUPqrJoKzfRIX59l1A2Cq2o+2F4="

        },

        "public": {

          "type": "Buffer",

          "data": "+2MHctkIKZ/sPy/UtFGhiE/2OMpmLaFK5r5vV4RCMi8="

        }

      },

      "21": {

        "private": {

          "type": "Buffer",

          "data": "0Kqp2xEvxHedZ/Hhd/f/iGn4Gu4PBp1+9xKspXJ0s18="

        },

        "public": {

          "type": "Buffer",

          "data": "IaRRP5I+H3Z/krzrdXizckb7Q77MkxmKegRF9nS5DhE="

        }

      },

      "22": {

        "private": {

          "type": "Buffer",

          "data": "SFgOgwj101AuVPDjruII9sNat7jOV/vgLCjPn0c5vHc="

        },

        "public": {

          "type": "Buffer",

          "data": "gAP8RfqqJZQL/fs1MPDmyesPrce1I3ZKBEIFkwlfbCs="

        }

      },

      "23": {

        "private": {

          "type": "Buffer",

          "data": "6L2IjdxLa9WHmEZ8Fcd80H7m5p8aQrZor0ko/vZLRms="

        },

        "public": {

          "type": "Buffer",

          "data": "MTJxyUbDt2W9mZlyoCtewEQT7SRx88Erv9E92/DnDVk="

        }

      },

      "24": {

        "private": {

          "type": "Buffer",

          "data": "WKMVs0yA5uYSkahCH0OqCzFp0sdUG6t+lam1ydY9eEs="

        },

        "public": {

          "type": "Buffer",

          "data": "OmvM4yLl7F0L3PNTh5EqY4J69Ilv/qyZelVwSEwrSyg="

        }

      },

      "25": {

        "private": {

          "type": "Buffer",

          "data": "SBYM8DQBSdZ2EXJQkYJhYKmiP3xcU6L22YiPmG4HNHM="

        },

        "public": {

          "type": "Buffer",

          "data": "O2CB3/+qGWko3oO0diXVIGy83cB760q3LScn2kYWv2w="

        }

      },

      "26": {

        "private": {

          "type": "Buffer",

          "data": "mEE8nKJCmczPdadFgVAk+jWJ1YdQlHuC07uZ8KZwAmU="

        },

        "public": {

          "type": "Buffer",

          "data": "93f2vPvEuP6K91tiBZ6rq9KX52Q9f728I2M3RKVlt0E="

        }

      },

      "27": {

        "private": {

          "type": "Buffer",

          "data": "mBc0wzpq4PIGJXPJTJ6IcQiDZjNDnNDWBAL+oiwVKkA="

        },

        "public": {

          "type": "Buffer",

          "data": "ELzTOL3rGV6zmPpUIyfr22jIQsz5JIR324wxZDqwViE="

        }

      },

      "28": {

        "private": {

          "type": "Buffer",

          "data": "sJn1vn/vPQ04c50+rBjuyL/+fw4lAxnYIEFOqBKQRnI="

        },

        "public": {

          "type": "Buffer",

          "data": "15ekv7jyBHTBLjgFDajtNeBKE3RjdUMgwBLyuSjWJEE="

        }

      },

      "29": {

        "private": {

          "type": "Buffer",

          "data": "0KIktE0ImNfPlLt6kSGtCeVz7QA6xDpwyo7CqXe0DWc="

        },

        "public": {

          "type": "Buffer",

          "data": "eCigF6tQjvpfD9MeskPMDMSl420KUTARa87az9FZTyo="

        }

      },

      "30": {

        "private": {

          "type": "Buffer",

          "data": "uBbeLzcOlhb1kdlYOn1rFl08PxuD84SVNQNAHC+cfWQ="

        },

        "public": {

          "type": "Buffer",

          "data": "4YflQM1mbLsS7ydtEpNi75pqS+yt/7CKtZ58PSHpr3I="

        }

      }

    },

    "sessions": {

      "51902679067.0": {

        "_sessions": {

          "Bb3sVuc6eoVmSV9osUDEN719/1kXpcMO5ygSFB6f+P5k": {

            "registrationId": 1139681866,

            "currentRatchet": {

              "ephemeralKeyPair": {

                "pubKey": "BSZQ1yWpvYHfofbv9xrBg5XuVrW7a+a8wpdZH19jGnAp",

                "privKey": "cO5zf/ecR+p7/2xiTPkSPoTSARFm2uPMlxlL1bVhUWY="

              },

              "lastRemoteEphemeralKey": "BSiB09iavXeg+NJ+oNiW2F1wOMMXlJtdLwcV/MuIqMId",

              "previousCounter": 0,

              "rootKey": "9A/1kKAPM7h+2ovvKQ1KN0v3eJ3JC8Pww8pfyktqNXM="

            },

            "indexInfo": {

              "baseKey": "Bb3sVuc6eoVmSV9osUDEN719/1kXpcMO5ygSFB6f+P5k",

              "baseKeyType": 2,

              "closed": -1,

              "used": 1655176447186,

              "created": 1655176447186,

              "remoteIdentityKey": "BXOvnv2tpm055zP4PcltKSOAq543C8xNU6PFlo0BmhNO"

            },

            "_chains": {

              "BSiB09iavXeg+NJ+oNiW2F1wOMMXlJtdLwcV/MuIqMId": {

                "chainKey": {

                  "counter": 2,

                  "key": "XAfIE60zSBMD66b7Om67xjExSlYcdwvSgVRWDBQT8AY="

                },

                "chainType": 2,

                "messageKeys": {}

              },

              "BSZQ1yWpvYHfofbv9xrBg5XuVrW7a+a8wpdZH19jGnAp": {

                "chainKey": {

                  "counter": -1,

                  "key": "95jxoFA/m48jHmAMwsIxH0SbT98EynmDPygoBAsvldc="

                },

                "chainType": 1,

                "messageKeys": {}

              }

            }

          }

        },

        "version": "v1"

      }

    },

    "appStateSyncKeys": {

      "AAAAAG8s": {

        "keyData": "/+a/CzYAGv4bS7StxiD014ozGakFl1TZTkiE9ZGzTao=",

        "fingerprint": {

          "rawId": 1043001202,

          "currentIndex": 1,

          "deviceIndexes": [

            0,

            1

          ]

        },

        "timestamp": "0"

      },

      "AAAAAG8t": {

        "keyData": "0lEN/ROm5aPj+3dKj34ydmGMDzD0t7sP6XPCgZ4h/Q0=",

        "fingerprint": {

          "rawId": 1043001204,

          "currentIndex": 1,

          "deviceIndexes": [

            0,

            1

          ]

        },

        "timestamp": "1655142050106"

      },

      "AAAAAG8q": {

        "keyData": "qJDupfpBFGPfxrpdkhRT6vrxPIVJYGQpwn7V3EeyZhA=",

        "fingerprint": {

          "rawId": 1043001201,

          "currentIndex": 1,

          "deviceIndexes": [

            0,

            1

          ]

        },

        "timestamp": "0"

      },

      "AAAAAG8r": {

        "keyData": "c2OnxzolGIRuPzQtvO6z6IVx6cS/ggIJgxSfgA4b9HM=",

        "fingerprint": {

          "rawId": 1043001201,

          "currentIndex": 1,

          "deviceIndexes": [

            0

          ]

        },

        "timestamp": "1655083133079"

      }

    }

  }

}
